file_name,pool_type,method,pool_number,file_size_mb,total_spectra,ms1_spectra,ms2_spectra,ms1_ms2_ratio,data_source,rt_duration_min,rt_median,rt_iqr,rt_range_min,rt_range_max,total_ion_current,median_intensity,intensity_q75_q25_ratio,max_intensity,quality_score
01709a_GB4-TUM_first_pool_125_01_01-3xHCD-1h-R1.mzML.gz,first_pools,3xHCD,125,154.17535877227783,1000,1000,0,0.0,pyteomics_analysis,8.49727255946667,4.2879677425333345,4.223110632466668,0.0014413752,8.49871393466667,105298720.66992188,5073.00146484375,4.019983367167231,516710.6875,54.61049531537935
01625b_GF4-TUM_first_pool_30_01_01-3xHCD-1h-R1.mzML.gz,first_pools,3xHCD,30,159.464337348938,1000,961,39,24.641025641025642,pyteomics_analysis,8.356364477066666,4.038397704933335,4.16251883613333,0.00270728853333333,8.3590717656,61765829.757995605,4412.056640625,3.928555573072444,422812.375,55.45475722286285
01748a_GD1-TUM_second_pool_10_02_01-ETD-1h-R1.mzML.gz,second_pools,ETD,10,37.223416328430176,1000,1000,0,0.0,pyteomics_analysis,7.78498887573333,3.91174151853333,3.9226972392000024,0.0014531968,7.78644207253333,573444719.5048828,6965.639892578125,3.793557537871968,7220177.5,35.94184907671489
01640c_BA4-Thermo_SRM_Pool_25_01_01-2xIT_2xHCD-1h-R2.mzML.gz,srm_pools,2xIT_2xHCD,25,250.58473110198975,1000,1000,0,0.0,pyteomics_analysis,7.55133119653333,3.814992719066665,3.8059883288000007,0.0014392712,7.55277046773333,1064256904.1723633,7933.679931640625,4.7154022377436196,14302943.0,70.0
