file_name,method,pool_type,total_spectra_qc,ms1_spectra_qc,ms2_spectra_qc,rt_duration_min,file_size_mb,total_peptides_mq,identified_proteins_mq,avg_sequence_coverage,proteins_matched_to_human,protein_match_rate,spectra_per_peptide,peptides_per_protein,spectra_per_mb,composite_quality
01709a_GB4-TUM_first_pool_125_01_01-3xHCD-1h-R1.mzML.gz,3xHCD,first_pools,57180,2652,54528,60.0105514274833,154.17535877227783,1057,12,25.59166666666667,4,26.666666666666668,54.0964995269631,88.08333333333333,370.8763868320668,63.91943419434194
01709a_GB4-TUM_first_pool_125_01_01-3xHCD-1h-R1.mzML.gz,3xHCD,first_pools,57180,2652,54528,60.0105514274833,154.17535877227783,1084,8,35.975,4,26.666666666666668,52.74907749077491,135.5,370.8763868320668,56.666666666666664
01625b_GF4-TUM_first_pool_30_01_01-3xHCD-1h-R1.mzML.gz,3xHCD,first_pools,55168,2803,52365,60.01187927226666,159.464337348938,1057,12,25.59166666666667,4,26.666666666666668,52.19299905392621,88.08333333333333,345.9582306436456,63.91943419434194
01625b_GF4-TUM_first_pool_30_01_01-3xHCD-1h-R1.mzML.gz,3xHCD,first_pools,55168,2803,52365,60.01187927226666,159.464337348938,1084,8,35.975,4,26.666666666666668,50.8929889298893,135.5,345.9582306436456,56.666666666666664
01748a_GD1-TUM_second_pool_10_02_01-ETD-1h-R1.mzML.gz,ETD,second_pools,13585,2467,11118,60.0391934928,37.223416328430176,781,10,24.53,4,26.666666666666668,17.3943661971831,78.1,364.9584412171262,52.2810578105781
01748a_GD1-TUM_second_pool_10_02_01-ETD-1h-R1.mzML.gz,ETD,second_pools,13585,2467,11118,60.0391934928,37.223416328430176,661,15,19.766666666666666,4,26.666666666666668,20.552193645990922,44.06666666666667,364.9584412171262,58.960024600246
01748a_GD1-TUM_second_pool_10_02_01-ETD-1h-R1.mzML.gz,ETD,second_pools,13585,2467,11118,60.0391934928,37.223416328430176,219,9,26.92222222222222,4,26.666666666666668,62.03196347031963,24.333333333333332,364.9584412171262,34.727552275522754
